Attendance_Rate,GPA,Behavioral_Incidents,Class_Size,Counselor_Visits,Parental_Education,Extracurricular_Participation,Salary_Category,Dropped_Out
84.96714153011233,3.699677718293001,1,20.0,1,High School,0,Medium,0
78.61735698828815,3.4623168414563845,1,40.0,2,Bachelor,0,Very High,0
86.47688538100692,3.029815184960087,2,31.47639970310434,1,Bachelor,0,Medium,0
95.23029856408026,2.676531611147213,3,26.117504297535,0,PhD,1,Medium,0
77.65846625276664,3.349111656806795,3,30.785639594954706,1,High School,0,High,0
77.6586304305082,3.196742692710875,0,30.880949112513463,1,PhD,0,High,0
95.79212815507391,3.447596610013866,1,26.665756415242182,3,High School,1,High,0
87.67434729152909,3.3175859008409847,1,30.98958333671038,0,Master,0,Medium,0
75.30525614065049,3.5247763576596673,4,26.962638561898466,1,Bachelor,1,High,0
85.42560043585965,2.732382394219716,1,27.978190036549886,2,High School,0,High,0
75.36582307187538,3.658697032817163,4,26.568604321224576,0,Master,0,High,0
75.34270246429743,3.0987998023462,0,22.836643551301737,0,Bachelor,1,Medium,0
82.41962271566034,4.0,3,30.72918235107692,1,Bachelor,1,High,0
60.86719755342202,2.655406090955216,1,32.92649718258169,1,Bachelor,0,Medium,1
62.75082167486967,3.867981901582625,2,32.57441798038186,1,Bachelor,1,Medium,1
74.37712470759027,3.098955391731324,4,34.09962626317617,0,Bachelor,0,Medium,0
69.87168879665576,2.6742909981927756,2,31.621701050074343,3,Master,0,Medium,1
83.14247332595274,2.7580570829728392,1,27.33637250891548,0,High School,0,Low,0
70.91975924478788,2.83982634590284,1,34.198319322155946,1,Bachelor,0,High,0
65.87696298664709,3.212082973200958,2,23.212412300790326,2,Master,0,Medium,1
94.65648768921554,3.26141774401775,1,25.496643087437597,2,High School,0,Medium,0
77.74223699513465,2.7131499980307106,2,25.178999642883777,1,High School,0,Medium,0
80.67528204687923,2.9878227038695084,1,35.400280295696554,1,Master,0,Medium,0
65.75251813786544,4.0,2,34.713942570700375,2,Bachelor,0,Medium,1
74.55617275474818,3.8637715850503556,0,32.43652618522498,0,Bachelor,0,High,0
81.10922589709867,3.2181618348370162,1,35.359649326058985,1,High School,1,Medium,0
68.49006422577698,3.0190017390841,4,25.60358608794006,2,Bachelor,1,Very High,1
83.75698018345672,3.0600156633591307,3,31.742975599304902,0,High School,0,High,0
73.99361310081196,3.3067589863652085,2,29.37412785808418,1,Bachelor,1,Medium,0
77.08306250206724,2.4886037174007973,2,34.23441051942457,1,Master,1,Medium,0
73.98293387770603,2.8713117312883276,1,29.423878837239013,0,High School,0,High,0
98.52278184508938,2.1657079630612053,5,28.075285557949595,3,Bachelor,0,High,1
79.86502775262066,3.1996115613026395,0,32.70454259280495,0,PhD,1,High,0
69.422890710441,3.3235979698513707,2,34.380845835956166,0,Bachelor,0,Medium,1
88.22544912103189,2.758406768850313,3,26.65827402576599,1,Master,1,Medium,0
67.79156350028978,3.7869933816450163,1,29.69462164323812,2,Bachelor,1,High,1
82.08863595004756,2.3871171684988295,2,24.707796831791736,2,Master,1,Medium,0
60.403298761202244,2.26781255989509,4,20.0,0,High School,1,Low,1
66.71813951101569,3.112225909279986,3,31.002298157068644,0,High School,0,High,1
81.96861235869123,3.523549151306077,2,33.04452678127316,1,High School,0,Medium,0
87.3846657999541,3.8419638457289342,1,31.310334045433628,0,Bachelor,1,Medium,0
81.7136828118997,2.77055786856553,3,20.252191411228164,0,Master,0,Medium,0
78.8435171761176,3.539340416715648,2,28.245752849617627,1,Bachelor,1,Low,0
76.98896304410711,2.9807457652496465,1,20.0,0,Bachelor,1,Medium,0
65.21478009632573,2.91368635002959,0,36.84850553827093,0,Master,1,Medium,1
72.80155791605291,3.441829968743336,0,24.569727089409568,2,Bachelor,0,Medium,0
75.39361229040213,3.32616143920671,2,36.27701804729948,2,Bachelor,0,Medium,0
90.57122226218915,2.211803921507875,0,34.729348218420725,0,Bachelor,0,Low,0
83.43618289568461,3.738270174862948,1,25.497048237319692,0,Bachelor,0,Medium,0
62.36959844637266,3.6900456770737255,0,24.336075243661277,0,High School,1,High,1
83.24083969394795,2.6872186492452355,0,31.75185108193169,1,PhD,1,Medium,0
76.14917719583684,3.1979017667187044,2,25.778379814084644,1,High School,1,High,0
73.23077999694041,3.2470150931413695,2,30.512423210791038,1,High School,0,High,0
86.11676288840867,3.1303368829119536,4,27.58586204596541,0,Master,0,Medium,0
90.30999522495951,2.72484742307729,4,21.09420792767183,1,Bachelor,1,High,0
89.31280119116198,2.664188316030974,0,20.0,0,Bachelor,0,Medium,0
71.60782476777362,2.9872229645042774,2,31.133421242472984,1,Bachelor,0,Medium,0
76.90787624148786,3.586364509629682,1,27.192211268346874,2,Bachelor,1,Medium,0
83.31263431403563,3.271800077297216,2,27.234550915429338,0,High School,1,Medium,0
89.75545127122359,2.814692833956947,1,33.479319195468925,1,Bachelor,0,High,0
75.2082576215471,3.385849355324172,0,35.86721138316222,2,Bachelor,1,Medium,0
78.14341023336183,1.5757286896849623,4,28.637276393190955,2,Master,0,Medium,1
68.93665025993971,3.5743828501860517,4,28.297006465450693,3,Bachelor,1,High,1
68.0379337591933,2.13014311061095,1,32.50071516556942,2,PhD,0,Low,1
88.12525822394198,2.818779529298434,1,23.21532215150212,0,High School,0,Medium,0
93.56240028570824,2.440165052686928,3,31.115765273738486,1,Bachelor,1,High,0
79.27989878419666,2.352659262139547,6,32.75942985911077,1,Bachelor,0,Very High,1
90.03532897892023,3.58041339368926,1,33.401151042088145,1,PhD,1,High,0
83.61636025047635,2.7661493993440542,1,20.316236487487675,1,High School,1,Medium,0
73.54880245394875,3.1732519408653577,3,26.193223650955296,1,Bachelor,1,Medium,0
83.61395605508415,2.976539710560408,3,25.608683735882668,2,Master,1,High,0
95.38036566465969,3.238520413611561,1,30.499434772046065,2,High School,0,Medium,0
79.64173960890048,3.038410945530128,2,32.403722898839916,0,Master,1,Medium,0
95.64643655814007,2.358503887905715,2,37.483552037229906,0,High School,0,Medium,0
60.0,3.49813340972357,1,27.525172598159635,1,Master,0,Medium,1
88.21902504375224,2.753121708419344,2,27.512137508453932,1,PhD,1,Medium,0
80.87047068238171,2.2217090506701247,2,35.74836009439373,0,Bachelor,0,Medium,0
77.00992649534132,2.7859424195170437,2,31.482884692651524,1,Bachelor,0,High,0
80.91760776535503,3.750379895317155,2,36.33825755593987,1,High School,0,Medium,0
60.124310853991076,3.4251108710567464,2,31.44364001504918,1,PhD,1,Medium,1
77.80328112162488,2.8256739327960703,1,24.214416906433645,2,Bachelor,1,High,0
83.57112571511746,2.8253711478407855,1,23.334358226110968,0,High School,0,Very High,0
94.77894044741517,2.8391824743913086,5,22.242438754705354,3,Bachelor,0,High,0
74.81729781726352,4.0,3,33.31025917379237,0,Bachelor,1,Medium,0
71.91506397106812,3.1909677261157765,3,35.94298411543504,1,High School,0,Medium,0
74.98242956415463,3.215020823595535,1,39.2468107069319,0,High School,0,Low,0
89.15402117702074,3.515141727015921,2,34.2155266616162,0,High School,0,Medium,0
83.28751109659684,3.1193945795132567,7,35.81419288767493,1,Bachelor,0,Medium,0
74.70239796232961,2.8704789270896485,2,27.099918336731577,0,Bachelor,0,Medium,0
85.13267433113356,2.901825075457511,2,24.21792091628072,0,Bachelor,1,High,0
80.9707754934804,2.964199370292968,3,34.250396662087766,2,Master,0,Medium,0
89.68644990532889,2.981388881745079,0,32.088403761197,1,Master,1,Medium,0
72.97946906122648,3.36381477181849,2,30.537221871704464,1,Bachelor,1,High,0
76.72337853402232,3.0259729429036497,2,31.93685740316495,0,High School,1,Very High,0
76.07891846867842,3.36632003860779,2,31.61592741229103,2,Bachelor,0,Medium,0
65.36485051867882,2.959641709945709,1,36.41908429926781,1,Bachelor,0,Medium,1
82.96120277064576,3.039317595158045,2,36.47492792408478,0,Bachelor,0,High,0
82.6105527217989,2.000899657733946,1,32.72110176170173,0,Bachelor,1,Medium,0
80.05113456642461,3.4581638373512407,2,34.22901436281464,0,Bachelor,0,High,0
77.65412866624852,3.1732442379489965,2,32.570312762123876,0,PhD,0,Low,0
65.84629257949585,3.499005054929826,5,27.694151339826906,1,High School,0,Medium,1
75.79354677234642,1.5518723109031554,2,33.7828233745657,0,Bachelor,0,Medium,0
76.57285483473231,4.0,2,23.027524655703694,2,High School,0,Medium,0
71.9772273077838,2.930205185922413,1,35.269457761479416,0,PhD,0,Low,0
78.3871428833399,3.554091408368758,1,24.027385301169826,0,High School,0,High,0
84.04050856814538,2.4800470364372345,0,31.429016433973665,2,High School,0,High,0
98.8618590121053,3.306386952531285,0,25.774230207869206,3,Bachelor,0,High,0
81.74577812831839,2.473292218413172,2,32.766944915372136,0,Bachelor,1,High,0
82.57550390722764,2.6881155196520976,4,29.830373870360457,2,High School,0,Medium,0
79.25554084233833,3.957015676933393,2,22.026220209183336,1,Bachelor,0,Low,0
60.812287847009586,2.9046587996183266,5,32.103498155092396,1,Bachelor,0,High,1
79.73486124550783,3.1087164365898614,1,27.110396115836448,2,High School,0,Medium,0
80.60230209941027,3.4350338653443773,1,34.405733604066846,1,Bachelor,1,Low,0
100.0,3.2478409439863025,2,30.006628443672035,2,Master,0,High,0
78.07639035218878,3.075209452571788,0,31.97710492694019,1,Bachelor,1,Very High,0
83.01547342333612,3.1824805012331128,0,25.21215522492394,1,Master,1,Medium,0
79.65288230294756,4.0,4,27.05333884286319,1,Bachelor,1,High,0
68.31321962380468,2.9711906014832072,3,27.706806819494577,0,Bachelor,0,Medium,1
91.4282281451502,3.1005495233574836,1,34.283512401212775,2,High School,0,Low,0
87.51933032686775,3.525327198003806,2,38.386885439027445,2,High School,1,High,0
87.91031947043047,3.552762966478992,0,25.97414124128562,0,Master,0,High,0
70.9061254520526,3.5935151527801903,0,35.3842407232884,1,PhD,1,Medium,0
94.02794310936099,3.3193651110145925,1,20.0,4,Bachelor,1,Very High,0
65.98148937207719,2.4284975436347582,2,24.029052994538553,1,High School,1,Low,1
85.8685709380027,3.8167157661505478,2,25.206107719066125,1,High School,0,Low,0
100.0,2.426827303490656,1,23.237456552796388,1,Bachelor,1,Medium,0
70.09463674869312,3.1513177326195168,0,22.0820580510621,0,Bachelor,1,Medium,0
74.33702270397228,2.622862074990321,3,32.06499456068899,0,High School,1,High,0
80.99651365087641,2.967930826703504,3,28.929661511360692,1,PhD,0,Medium,0
74.965243458838,3.16438120515174,3,31.897026988025548,0,Bachelor,0,Medium,0
64.49336568933867,3.1606786077251368,5,33.45236343060756,1,PhD,0,Low,1
80.68562974806028,3.2109603771176425,2,31.32808496586267,1,Master,0,High,0
69.37696286273895,3.8068556345293234,2,33.28881588075187,2,Master,0,Low,1
84.73592430635182,3.2267671507569897,3,29.652338568788654,1,Bachelor,1,Low,0
70.80575765766197,2.8779216823546756,2,24.06503305847128,1,Bachelor,0,Medium,0
95.4993440501754,3.482043584144179,2,35.28907090410398,0,Bachelor,1,Medium,0
72.16746707663764,3.59473524446232,2,27.054439336094365,2,Bachelor,0,Medium,0
76.77938483794324,2.3861960924315038,6,25.32201850618787,0,Bachelor,0,High,1
88.1351721736967,3.298700034924929,4,29.11041062097801,0,PhD,0,Medium,0
67.69135683566044,3.3505863711554493,1,25.435945403517437,2,Master,0,High,1
82.2745993460413,2.851218248320004,6,27.91284809005284,0,Master,1,High,0
93.07142754282428,3.68785340665581,1,31.720269607817333,2,Master,0,Very High,0
63.92516765438772,2.9249722064837367,3,31.741708696230635,0,High School,1,Medium,1
81.84633858532304,3.0627882267357713,1,25.510849667871852,1,High School,0,High,0
82.59882794248423,2.913464087858065,3,27.56147313525628,0,Bachelor,1,Low,0
87.81822871777311,3.0077895237907337,4,35.37166502385122,2,Bachelor,0,Very High,0
67.63049289121918,2.451862456552399,3,32.482000588669706,0,Master,0,High,1
66.79543386915724,2.279974558702853,3,40.0,0,Bachelor,0,Medium,1
85.21941565616898,3.797252531612486,2,35.90064086870764,0,Bachelor,0,Medium,0
82.96984673233186,2.5765193258408363,4,35.721465342799696,1,Bachelor,0,Medium,0
82.50492850345877,2.5043038252718466,4,23.06065724772099,2,High School,1,Very High,0
83.46448209496975,1.9233049431981426,1,33.819301758167114,0,Bachelor,1,High,0
73.1997527842151,2.680519126155249,2,29.734465991515446,3,Master,1,Medium,0
82.32253697161003,2.338455103296251,2,27.245090982308753,2,High School,0,Low,0
82.93072473298682,3.8210075800681844,2,30.840076702662643,0,Bachelor,0,High,0
72.85648581973632,3.5049085446713173,2,34.72605767305742,2,Bachelor,0,High,0
98.65774511144757,2.655924827411138,2,32.50415795502106,1,High School,1,High,0
84.73832920911788,4.0,4,25.6076309932897,0,High School,1,Medium,0
68.08696502797352,3.490882743495797,1,33.7122945679631,0,PhD,1,Medium,1
86.5655360863383,2.8375843082456886,1,26.81206228962018,1,Bachelor,1,Very High,0
70.25318329772679,1.7502971425632134,1,31.08341559482143,1,High School,0,Very High,0
87.87084603742451,4.0,2,28.48324966261433,0,High School,0,High,0
91.58595579007404,2.305213766618202,1,28.905668741321872,1,Bachelor,0,High,0
71.7931768164829,2.177300626521554,1,33.83121487520255,2,Bachelor,0,Medium,0
89.63376129244321,3.5112852160048202,3,24.799031400920512,0,Bachelor,0,Low,0
84.12780926936499,4.0,2,39.72597537138466,1,High School,0,Medium,0
88.2206015999449,3.692136409255259,1,20.89456965352752,1,Master,1,High,0
98.96792982653947,3.28195456002618,1,27.011661583725715,3,Bachelor,1,High,0
77.5461188399713,3.297377170832643,3,31.851059449708703,1,Bachelor,1,High,0
72.4626383564251,3.4267077793901537,0,32.92157083217655,1,Bachelor,1,High,0
71.10485570374476,3.3794642948933826,2,29.497621397141476,2,Bachelor,0,High,0
71.84189715034562,3.140595711984688,3,29.713046484992287,2,Master,0,Medium,0
79.22898290585896,3.052100551975938,0,32.052750426638084,0,PhD,1,High,0
83.41151974816644,2.9687034360502387,3,28.8446526127116,2,Bachelor,0,Medium,0
82.7669079933002,2.623017705566662,2,36.96590628967453,2,Master,0,Low,0
88.27183249036024,2.859662461566613,3,34.19674557115801,0,Master,0,High,0
80.13001891877907,2.1535215929023073,2,34.36412175502817,2,PhD,0,High,0
94.53534077157317,2.950830186602625,2,25.169216383147916,0,High School,0,Very High,0
77.35343166762044,2.5057044464245415,3,29.603057877971487,2,Bachelor,0,Medium,0
100.0,2.4482053413921143,2,28.497670256396482,1,High School,0,Low,0
86.25667347765007,3.089947075576739,3,24.97199312155267,2,Master,1,Medium,0
71.42842443583717,3.6960011431722997,2,31.800820919728835,0,High School,0,Medium,0
69.29107501938887,3.4591583030011566,0,27.31177121110092,1,Bachelor,0,Medium,1
84.82472415243186,2.2147496981884114,1,33.27701914925119,1,Bachelor,0,High,0
77.7653721467415,2.505185931714831,3,24.64904218552834,1,Bachelor,0,High,0
87.14000494092092,3.470385593994108,2,38.5952030642091,2,Bachelor,1,High,0
84.73237624573545,2.5087563032308453,3,25.51833670703969,1,Master,1,Medium,0
79.27171087343127,2.887683425001488,1,31.09651168600218,1,Bachelor,1,Low,0
71.53206281931595,3.275026049512276,2,33.95929655194034,1,Master,0,Medium,0
64.85152775314135,2.5158277725681826,0,27.146797848999437,2,High School,0,Medium,1
75.53485047932979,3.05268775307298,1,34.262343217164755,3,Bachelor,0,High,0
88.56398794323472,2.3329872525408977,1,23.85408201099792,0,Bachelor,0,Medium,0
82.14093744130204,2.699316178024393,0,37.2605884959128,1,High School,0,Medium,0
67.54261221288012,3.1598909670712683,4,30.070746324828793,1,Bachelor,0,High,1
81.73180925851182,2.2035031332341655,6,27.0179429601556,0,Bachelor,0,Medium,1
83.85317379728836,3.2202373689801993,4,28.50409113786283,1,Bachelor,1,High,0
71.16142563798867,2.990181100536659,3,34.044596346963594,1,Master,0,Medium,0
81.53725105945527,3.2762449772085738,1,27.077723540747808,0,Bachelor,1,Medium,0
80.58208718446,3.1119570670323307,4,26.253211552886114,0,High School,0,Low,0
68.57029702169376,3.682070214986922,2,28.89231701208131,1,High School,0,Low,1
83.57787360348283,3.0626122513239538,3,24.11518943615016,1,Bachelor,1,Low,0
85.60784526368235,2.7852972294373735,2,39.10271953970908,4,High School,1,Medium,0
90.83051243175277,3.061148751516142,0,27.168027043926383,0,High School,0,High,0
90.53802052034902,3.271649014518194,2,34.158083930902016,0,Bachelor,0,Medium,0
66.22330632042909,3.0244300351628524,2,31.047350418238864,3,Bachelor,0,High,1
70.62174960084877,3.0202958456019413,3,25.07732974759016,2,Bachelor,0,High,0
85.1503526720866,2.6490041560966224,1,29.970226453936352,1,Master,1,Medium,0
85.1378595091221,2.668549541224526,0,33.92001389655374,1,Bachelor,1,High,0
85.15047686306048,2.2986973641001534,1,29.058693324568466,1,Bachelor,1,Medium,0
100.0,3.8747883715934694,3,35.96556472925514,2,Master,0,Medium,0
85.70890510693167,2.3780683823043574,1,35.10757696390932,2,Bachelor,1,High,0
91.35565640180599,2.6535474011020463,1,34.59457427329165,1,Bachelor,0,High,0
89.54001763493203,2.640796367215401,2,27.701716138635014,0,Bachelor,1,High,0
86.51391251305797,3.4474621884722207,5,24.600787761092565,2,High School,1,Medium,0
76.84730755359655,2.852525160853986,4,26.932061973186027,3,Bachelor,0,Medium,0
87.58969220493267,3.623871036336867,2,30.981204703333603,1,Bachelor,0,High,0
72.27174785462428,2.663254687878066,2,32.72893356766178,1,PhD,0,Low,0
77.63181393259991,3.139497081111901,5,20.0,0,Master,0,Low,0
75.14636452170896,2.5823264733701214,1,29.95943399194125,1,Bachelor,1,High,0
80.81874139386322,4.0,2,30.790446126615922,0,High School,0,Medium,0
100.0,2.4062007904852436,1,28.612278718422242,0,High School,0,High,0
61.32734807408252,3.154910355113514,3,36.4563691950794,1,Bachelor,0,Low,1
86.86260190374513,3.316888440466049,0,32.10890037125436,1,Bachelor,1,High,0
63.87284128810349,3.2068995487257492,0,36.550959540404484,0,High School,0,High,1
75.28068134210567,2.9073561705611457,2,28.92019739824884,1,Bachelor,1,Medium,0
90.88950596967366,2.935089650133287,1,34.68738746253462,0,High School,1,Low,0
80.64280019095463,3.021905735989555,1,38.17533197263759,0,PhD,1,Low,0
69.22255222070694,2.9264989991857555,2,36.55846724636331,2,High School,0,Medium,1
72.84696290740033,3.481939558397455,1,24.539292032856334,2,PhD,0,Medium,0
86.79597748934675,4.0,2,28.731619612288096,0,PhD,0,High,0
72.69633368282864,2.721254107496083,2,28.27417647275102,2,Bachelor,0,Medium,0
82.16458589581976,2.3150985102104613,3,32.446272675381636,0,Master,0,Medium,0
80.45571839903813,2.9558589758243725,3,33.431767775072665,0,Bachelor,1,Low,0
73.48399652394183,4.0,1,25.80553662987132,1,Bachelor,0,High,0
100.0,2.5981627160151346,1,30.33919256958469,1,Bachelor,1,Medium,0
86.33919022318011,3.8195584027220337,1,20.0,0,Bachelor,0,Medium,0
60.0,3.8388504070382203,2,37.20972502900945,3,Bachelor,1,Low,1
81.86454314769428,2.7232058791460028,2,27.43812879661653,0,Bachelor,1,Low,0
73.38213535231613,3.2844915395926377,1,30.279319699222484,1,Bachelor,1,High,0
88.52433334796224,3.814198311564269,1,28.451751430059694,1,High School,1,High,0
72.07479261567299,2.8104361295062565,3,35.73013787506707,1,Bachelor,1,High,0
78.85263558533102,2.898209819948819,1,20.0,1,High School,1,Medium,0
85.04987278980457,2.7091595430256783,5,29.916948288370456,1,High School,0,Low,0
88.65755194170121,2.492621634653567,2,29.47090621251151,1,High School,0,Very High,0
67.99703592944223,2.6753612274669964,3,27.731818062041587,2,High School,0,High,1
76.65498764159051,2.3880298666188717,0,38.63113272817816,1,High School,0,Medium,0
75.25054688839043,3.017041734129613,3,25.563352705721144,2,Master,0,Medium,0
73.46670767426288,2.615013384470679,0,33.85898088617831,0,High School,0,Low,0
97.65454240281096,3.116892955895374,4,31.78126394353042,0,Bachelor,0,High,0
84.04981710960955,2.2220521768981865,1,36.30759626267758,1,High School,0,Low,0
67.39116045664954,3.1654401161072285,2,26.664054576112473,1,Master,0,High,1
89.17861947054776,3.416764480804462,3,26.335155504381206,1,Bachelor,1,High,0
100.0,2.003132178714272,1,35.48034953738699,1,Bachelor,0,High,0
90.32465260551147,3.187028284923786,0,32.12660654165055,1,Bachelor,1,High,0
64.80630034045987,3.613834496236646,2,22.27531326661621,0,Bachelor,0,High,1
75.15765927133748,2.3951794906543973,2,27.30347492768365,0,Bachelor,1,Medium,0
92.66911149186623,3.836286193418852,2,31.931913269240304,1,High School,1,Medium,0
72.92330534381219,3.2095095046830227,0,34.18882110773295,1,PhD,1,Medium,0
84.43819428146229,2.6474940721207956,3,26.603846734035223,3,Bachelor,1,Low,0
87.74634053429337,2.972115461171147,5,20.0,0,Bachelor,0,Medium,0
70.73069528421917,3.279163456260861,1,32.61611592868517,0,Master,1,High,0
79.404746439382,3.0380026957062056,2,23.898396550280122,0,Bachelor,1,High,0
60.0,3.2693779962231844,2,20.0,1,Master,1,Very High,1
69.7561235866571,2.539663203460317,6,20.0,2,Bachelor,1,Low,1
77.4743184860684,3.084680412018039,1,34.0699043009887,1,Master,0,High,0
67.5221681803515,2.29314275154751,2,30.643087252024834,0,High School,1,Medium,1
96.32411303931636,2.9443869693256497,1,28.87171809643874,1,Master,0,High,0
65.69858622039368,2.548046179267605,1,36.94512181481381,2,Master,0,Medium,1
75.59955513303017,2.6322350287051166,2,33.18662341511536,0,High School,0,Medium,0
81.30740577286092,3.618046587605219,0,38.08150021360959,1,High School,1,Low,0
94.41273289066116,3.5456550602971344,4,23.036322639165018,0,Bachelor,0,High,0
65.6413784882056,3.3045690604535887,2,29.82724688023018,3,PhD,0,High,1
91.63163752154959,2.4538436176637104,3,21.91643312525993,2,High School,0,Low,0
80.10233061019586,2.841795775152599,1,28.853088340722664,2,Bachelor,1,Low,0
70.18491348952048,3.6065488499895917,1,28.756920731166613,1,High School,1,High,0
84.6210347426327,3.0708584568199524,3,33.133068186315356,1,Bachelor,0,High,0
81.9905969557347,4.0,2,30.227819405709493,3,Bachelor,0,Medium,0
73.99783122841205,3.1966589196971857,2,33.11703569139958,1,PhD,1,Low,0
80.69802084990019,3.096024558245016,0,33.517200665694475,0,Bachelor,1,High,0
76.14686403138239,2.845441767898749,1,40.0,1,Master,1,Very High,0
81.13517345251248,3.066770452391141,2,28.423516723569378,1,Bachelor,0,Medium,0
86.62130674521046,2.9237650818097283,0,25.294886496668106,1,High School,1,Medium,0
95.86016816145352,3.3540543383442953,4,31.230418076582044,3,Bachelor,0,Medium,0
67.62184501173151,3.478351158397292,5,25.988599864302284,0,Bachelor,0,High,1
100.0,2.607005269746025,0,37.40980384218268,1,PhD,0,Medium,0
60.47912200477498,2.3343835232211108,0,28.583909805273837,1,Master,0,Very High,1
78.48214904964416,2.081897313448352,6,27.17211816063005,0,High School,1,High,1
85.88317206484577,3.253995663456272,0,27.64342139424441,2,High School,0,Medium,0
82.80991867735032,2.4483166969130634,1,33.592087117358204,0,High School,0,Low,0
73.77300480179406,1.9235547035237586,0,29.211265083842573,0,PhD,0,High,0
77.91877749642725,3.194289302265482,3,26.79166589934809,2,Master,0,High,0
75.06999065341168,4.0,2,38.32675958811765,0,Master,0,Medium,0
74.10635243055789,2.996964544230053,3,25.71915079669125,2,Bachelor,0,High,0
88.49602097021025,3.419245387225821,5,30.17783037016497,0,Bachelor,0,Medium,0
83.57015485965047,3.0409146792737825,5,33.26153075805115,0,Bachelor,1,High,0
73.07090404739346,2.9505551734044286,2,21.843324447914632,2,High School,1,Low,0
88.9959987543325,3.4595382414938842,3,32.40130250702963,1,Bachelor,1,Low,0
83.07299520876609,2.854862727905674,6,24.72446162259775,1,High School,0,High,0
88.1286211883896,3.1336961570359514,3,34.11391390417001,2,High School,1,High,0
86.29628841923612,3.1608489030980067,2,25.18674494040512,0,Master,1,Medium,0
71.71004989077927,2.6659547731784756,3,33.4638451592443,0,Master,1,Medium,0
74.3981895980303,3.4960211747682615,1,35.529165331473564,0,Bachelor,1,High,0
87.47293605123262,2.9125201216522956,1,34.30718262816403,1,Bachelor,0,Medium,0
86.10370265433465,2.6221274202535776,4,31.256583241190512,1,Bachelor,1,Medium,0
79.79098406035853,3.2682549217852017,0,28.8434952853515,1,Master,0,Medium,0
81.17327383308782,2.5507660091044815,6,27.11790211832578,0,Master,0,Low,0
92.77664895788425,3.014090578684564,2,37.35517345408552,0,Master,0,Medium,0
74.0842861116417,2.995440501677898,3,26.502523899161783,0,Master,0,Medium,0
85.47097381170038,3.542947782915789,2,24.81466963215002,2,High School,1,High,0
77.97807347566106,3.2373491164399764,0,33.32684467516415,1,Bachelor,0,Medium,0
77.82318796772779,2.987486520627428,1,26.019315984067525,0,Bachelor,0,Very High,0
90.9877685198719,3.4088831496001437,4,25.249682512669363,0,Bachelor,1,High,0
88.2541634898803,3.695103774508657,3,22.781978689151174,1,Master,0,Medium,0
88.13509636000639,3.278905153175931,3,27.585450802697412,0,Bachelor,0,Medium,0
93.05478807154329,3.00517630992169,5,29.586424880517534,0,High School,1,Very High,0
80.21003841632759,2.34408188382492,1,31.215458638303495,0,Bachelor,1,High,0
86.81952971294965,2.4674431684623137,4,34.75653122149742,1,PhD,0,Low,1
76.89733243406543,2.847387647822666,1,32.63448961832897,0,High School,1,High,0
83.24166352488442,2.695243898920358,1,29.045638902234103,1,Bachelor,0,High,0
78.69856945632316,2.906514348507277,1,29.0090216181014,2,Bachelor,0,High,0
80.96995964992718,3.0283249624485538,0,32.550787344575916,1,High School,0,Medium,0
85.95157025436913,3.2648463771783653,1,36.36285081464285,1,Bachelor,0,Medium,0
71.81779316766527,2.9647506109704542,4,30.631570997416002,0,Master,1,Medium,0
100.0,3.243250821913101,2,27.654345728947956,3,Bachelor,1,Medium,0
69.93982618500299,3.03223720740506,1,25.035669994572274,1,Master,0,High,1
67.85811387212269,2.0122667168230643,1,22.773973677938873,0,High School,0,Medium,1
91.58110873500068,2.530332303090623,1,33.33134836021762,1,High School,1,Medium,0
87.91662693962935,2.9279562221391924,2,32.889892618197784,1,PhD,0,Low,0
86.24119817052156,2.395152628579446,2,32.88681762553331,1,Bachelor,0,High,0
86.2834550926428,3.299964364998102,0,29.35670276823972,2,Bachelor,1,Low,0
79.87753227153085,3.7653754161718487,2,37.03467372945875,0,Master,1,High,0
71.02745628514168,3.6093809258486584,1,27.57940752707591,1,Bachelor,1,Medium,0
80.75804558193727,2.893278564534896,2,34.77634618603603,2,Master,0,Medium,0
73.22838288487888,3.745363068424976,2,29.806285525052285,1,High School,1,Medium,0
89.7511973341775,3.0743337286010557,0,26.95824617660331,0,High School,0,Low,0
78.52942618497862,2.8314570144409803,2,32.96265153658881,2,High School,0,Medium,0
71.74502803207488,2.69329866822953,0,32.04818059341997,0,Master,0,High,0
76.78614158347007,2.848765156755936,3,31.78486379633463,1,High School,0,High,0
84.12931454275625,2.8059115907293855,4,30.406392110280994,1,Master,0,Medium,0
74.36275447196026,3.085208111187744,4,29.810534591415845,2,PhD,0,Low,0
71.77779604433569,3.0802869905249324,3,40.0,1,Bachelor,0,Medium,0
82.43687211491913,3.001523010076707,3,35.921283225980865,1,Bachelor,1,Very High,0
82.44966571108722,3.218469084873175,2,33.61413447492756,2,Bachelor,0,Medium,0
74.9305682462887,3.5953231373931707,0,30.55899579101694,0,Bachelor,0,Medium,0
75.28961694381677,3.474777067720662,2,35.03578600298334,1,Bachelor,0,High,0
82.32049937357637,2.2575510157750482,3,32.589973881957256,1,Bachelor,0,Medium,0
65.51915658502676,1.7230394325490226,1,30.13102376387018,1,PhD,1,Medium,1
65.92536225623445,3.467159955619637,2,28.482178373670425,0,PhD,0,High,1
72.81555778747564,2.3165606507922893,1,29.59541331168656,2,Master,1,Very High,0
77.86552848288153,2.8876172990536584,1,20.0,0,Master,0,Medium,0
83.10907565598005,2.41494348697032,2,31.05300419648821,4,Bachelor,0,High,0
94.75356216949552,2.09900978120999,3,27.557619599448202,0,Bachelor,1,Medium,0
88.5765962320202,3.270731364102394,2,37.96334999141442,2,Master,1,Medium,0
78.40061470036574,3.3795775801513233,0,30.09672035405877,0,Bachelor,0,Medium,0
79.80983792097311,2.7117447996366404,3,24.055182902325193,1,PhD,1,Low,0
69.97470635362191,1.704478853927545,2,29.750599229359413,1,Bachelor,0,High,1
79.8148686400761,2.7268777758737586,2,24.769394574687478,2,Bachelor,1,Very High,0
77.11341361079862,3.1959020027012732,0,32.36703707856233,1,Master,1,High,0
83.22718560338089,2.260544215612936,4,31.454736821697427,1,PhD,1,Medium,1
71.72769056447677,3.0916799598895777,2,34.789198155541335,0,High School,1,High,0
85.19346514241172,2.9923450754135024,2,26.045591041527175,0,Master,0,Medium,0
95.32738913002578,3.289645749800544,1,30.170040481140735,0,Bachelor,1,Medium,0
78.91239851543142,3.0597901842070767,2,23.174891022866824,0,High School,0,Medium,0
84.01711722098942,2.5134655295592223,2,33.50747390962357,2,Master,0,Medium,0
86.90143991711112,3.598285750832246,2,32.59435590220061,1,Bachelor,0,Low,0
75.98779528114164,2.920735213486515,4,32.47902510513785,1,Bachelor,0,Medium,0
82.24092481810416,2.986347730245034,0,30.008095156784705,0,Bachelor,1,Medium,0
80.12592400781794,2.533366020463402,1,32.073864453943955,0,Bachelor,0,High,0
80.97676098548831,2.778358874404245,4,38.02169554154298,2,Bachelor,0,Low,0
72.26990216144533,2.5575986429865494,0,28.57452871478993,0,Bachelor,0,Low,0
80.24510174258943,2.9135269700382884,0,30.69322591855042,1,High School,0,Medium,0
84.9799829124545,3.8558542400711717,3,24.56936850409295,3,PhD,1,High,0
94.51143607795042,2.3140494285343216,0,25.658695192008338,1,Bachelor,0,High,0
89.59270826085206,2.1932193010616294,1,30.489066465466536,1,Master,1,Medium,0
100.0,3.735585163746804,0,35.519667733509536,0,Bachelor,1,Medium,0
72.3265243711195,2.8953381614240667,1,28.71859587874214,1,Bachelor,1,High,0
88.72320636720679,2.665463630670042,2,28.82041735343938,3,Bachelor,0,High,0
81.83342005738352,3.519952343698038,2,27.965573777478127,1,Bachelor,1,Medium,0
100.0,2.697192230131568,1,27.326216645778384,2,Bachelor,0,Medium,0
71.91701714644849,3.913004856773468,2,31.474857278544107,1,Bachelor,1,Medium,0
71.60278157819224,3.3389629356696346,3,22.513711774106778,0,Bachelor,0,High,0
74.00607354555977,2.7560442959271487,0,36.40469788333364,1,High School,0,Low,0
60.0,4.0,3,26.672888509352696,1,Bachelor,0,Very High,1
74.74244978319238,2.6971425384983307,1,33.60951742719071,0,High School,1,Medium,0
72.40867338446301,3.3710476860046534,4,23.65000701303062,3,High School,0,Medium,0
81.50393786476208,3.149646290203246,5,33.34420065273109,1,PhD,0,High,0
83.4175597577716,3.650870644699399,1,33.359723039072485,0,Bachelor,0,Medium,0
98.76170839215887,3.7807555983634265,1,31.921010360029484,0,Bachelor,1,Medium,0
89.5042383818605,3.0160020745328833,4,25.02785739100104,1,Bachelor,1,Medium,0
74.23096344337597,2.6232910648269083,1,31.247740947990387,1,PhD,0,Medium,0
71.01585328651642,3.229986071469558,1,24.084719076328057,1,Bachelor,1,Low,0
84.91919171506505,2.661142315123947,3,28.736183724519073,0,Master,0,Medium,0
66.79766792979358,4.0,2,35.14706550477663,3,Bachelor,0,High,1
98.31458765854353,3.0682676655413688,0,33.98350963535371,1,PhD,1,High,0
91.79440120721287,2.8173392243439457,1,30.075914712702165,0,Master,0,Medium,0
75.30824347895295,3.0923401529324543,2,25.12596712038579,1,Master,0,High,0
62.868654709091224,2.3264368552351518,1,33.22793856087097,1,High School,0,Medium,1
93.53872374165412,2.5141929807446743,4,30.096906188490127,2,High School,0,Low,0
78.85460154747382,3.600206953972213,3,20.0,1,High School,0,High,0
92.37816311973462,2.671552860514302,0,33.91314913158259,1,High School,0,High,0
64.05572341205632,2.47654450865903,2,29.87883583065154,0,Master,0,High,1
74.00624977046228,3.268326376263643,4,36.01225623991536,0,High School,0,Low,0
80.05243699718183,3.5928520773314983,2,24.523647405785976,0,High School,0,Medium,0
80.46980593764742,3.3594766553325335,1,20.0,1,High School,0,Medium,0
75.49934528520757,3.4980238429029082,2,31.395419291725926,0,High School,0,High,0
86.22849932347499,2.6216024557152697,2,31.457818383409865,1,High School,1,Medium,0
69.32379570617405,2.289094666629078,2,21.546641861967743,2,Master,0,Medium,1
78.57620514978707,3.7506668259777434,1,25.10750227066697,2,Bachelor,1,Low,0
81.20295631711899,2.838660080578932,0,40.0,1,High School,1,Medium,0
85.14438834058748,2.8745834917724764,3,28.471946929230985,2,Bachelor,1,Low,0
87.11614878088889,3.664097070924529,6,33.65479488188108,2,Bachelor,0,High,0
68.75357908162131,3.27811500470033,1,26.746700863158082,1,High School,0,Medium,1
64.65885829264377,3.2279438860408036,2,20.0,2,Bachelor,0,Low,1
92.7767682189851,4.0,2,29.148708766020473,0,Master,1,High,0
83.32314011979592,2.6782408848099286,2,28.671977198569476,1,Master,0,High,0
72.51513463443446,3.4639200640406185,2,28.000608806658143,0,Master,1,High,0
95.51151975522524,3.028506562448542,2,29.426795822468037,1,High School,1,Low,0
81.15674634292859,3.1342961394316284,1,31.32134135822818,1,PhD,0,Medium,0
91.79297184063826,3.764234213206266,4,29.24941524373097,0,Master,0,Medium,0
80.67518481410109,3.253917878144812,3,23.67996916026318,1,PhD,1,High,0
100.0,3.2691480395248167,0,32.430923957809696,0,High School,0,Low,0
97.55340842443204,3.536253668654901,2,20.253141223387885,0,PhD,0,High,0
77.51035851520926,2.8175236352285573,2,20.0,1,Master,1,Medium,0
89.71570950954356,2.5803951663304967,3,33.69590247350784,0,Master,0,Low,0
86.45375949585147,2.477595402989483,1,32.535101360676784,0,High School,1,Medium,0
93.68631557532349,2.0168217053119992,2,29.71302317462982,3,Master,1,High,0
70.35076539419896,4.0,0,23.02275747622464,1,PhD,1,Low,0
86.8605145999844,2.4483958171391587,3,26.460445296629622,1,Bachelor,0,High,0
90.58424486849587,2.889373188207114,3,28.68626626156748,2,Bachelor,0,Medium,0
62.41260513576886,2.8615933500555397,2,22.020530157129432,0,PhD,0,Medium,1
68.16741487334225,3.1537033489045503,0,26.304856709883836,0,Bachelor,0,Low,1
60.0,3.4078686062696484,3,33.2616516908834,3,Bachelor,0,Low,1
77.30593165555442,3.4302367441798727,2,37.13652682144608,3,Bachelor,0,Medium,0
87.17542255795962,2.7084612807155306,4,27.90282623670725,1,PhD,0,Low,0
95.02357052096028,2.9164391431067944,1,33.782441771580494,2,High School,0,Medium,0
80.74094780419775,3.14128997524415,3,20.429699647062662,0,Bachelor,1,High,0
96.28615545571292,2.8756544369082264,2,33.29725620556806,2,Bachelor,0,Medium,0
66.19898541785109,3.8036727880099965,4,25.980257926362594,1,Master,0,Medium,1
62.96617560644845,3.2454874758191257,0,31.53672808353985,2,Bachelor,1,Medium,1
79.44452301103381,3.3674388930249086,2,28.761237908801455,0,PhD,1,High,0
83.84065448939307,3.331440634333706,1,36.602070048919174,1,PhD,0,High,0
79.67305251905907,3.5867369287426625,1,25.62782175830041,1,High School,0,High,0
60.0,3.0905107793518534,1,33.13803148780916,3,Bachelor,0,Medium,1
79.10879960487212,2.351584026022077,0,28.60246268351733,1,High School,1,Medium,0
66.95530499495146,3.1998439758763206,1,29.20847260995168,0,Bachelor,1,High,1
86.69672548830039,2.6743215531040856,2,29.08073053420395,3,Bachelor,1,High,0
83.66598246096848,2.7356916591251217,3,25.771634477529435,0,PhD,0,High,0
70.60120213672644,3.2931820093775466,5,29.92950517046664,0,Master,0,Medium,0
74.86133082663306,3.619141535716818,3,29.68675888939089,2,High School,0,Low,0
69.40786478111049,3.010635788368031,2,31.206201242033647,1,High School,1,Medium,1
79.37320902726829,3.154416506299482,4,30.42252572846431,0,Bachelor,1,Medium,0
89.55142320501238,3.851107472317619,3,33.989972748061184,0,Bachelor,1,High,0
70.14273953664457,3.1203765897442843,2,34.61754308023684,1,High School,0,High,0
85.04046515517844,4.0,1,24.746883390860994,1,Master,0,Medium,0
74.69742381627559,3.282754822815772,1,34.343862502953854,3,PhD,0,High,0
72.07127167737656,2.119618620422091,4,24.068317864450727,1,Bachelor,1,Medium,1
78.92969640045442,3.376670810552266,5,32.93927944068867,2,Master,1,High,0
69.64757677580626,3.1905791924413887,1,33.09869392351435,0,Bachelor,0,Medium,1
74.46350694652818,3.644876377041373,3,20.44341554168748,2,Master,0,Low,0
68.02122107411151,3.3365906756349792,2,30.46489623264705,1,Bachelor,0,Medium,1
99.6472513291639,2.930772008008113,1,27.65751943319842,0,High School,0,Medium,0
80.35263551971728,2.387850881855317,2,26.206173710323124,1,PhD,1,Low,0
73.00274492007415,2.8954883713569872,1,36.75426165349503,2,Bachelor,0,High,0
82.13979910734221,2.57473977289535,2,26.731604296812904,1,Master,1,High,0
78.8767195030917,2.7097382750976386,1,25.96811535440975,1,Bachelor,0,Low,0
77.79030400466777,3.294289202210305,0,30.378474700025468,1,High School,1,High,0
86.14166700043425,3.834952252175703,2,33.42794873149208,1,High School,0,Medium,0
87.57507710047305,3.1973357649114904,1,29.291757069949366,0,Bachelor,1,Medium,0
74.69498852389472,2.402058468982408,2,35.83185272834626,1,Bachelor,0,Medium,0
74.2418175935532,3.22230133411007,3,32.654878309820454,1,Bachelor,0,Medium,0
77.24948302848355,3.5983157433228254,0,20.0,1,Bachelor,0,High,0
60.0,2.695108547840309,0,27.35266518246496,1,Bachelor,0,Low,1
64.84808937801448,2.9329914166635414,2,27.190789503241504,1,Master,0,High,1
93.66874267444524,3.0073440973645984,1,32.39680476714711,2,Bachelor,0,High,0
96.44967713501283,2.60755084345888,2,20.0,1,PhD,1,High,0
77.50963960443622,3.3241402169219296,3,40.0,1,Bachelor,0,Medium,0
85.76556963055766,2.9395259256961093,2,32.65513047447105,2,Bachelor,1,Low,0
83.11250154543536,3.209766221953514,3,30.744384019588455,1,High School,1,High,0
100.0,2.55625391109895,3,35.907838582095735,1,Bachelor,0,Low,0
91.19574911434577,2.781270849838295,3,40.0,1,High School,1,Medium,0
78.72082408519233,3.3611906789138857,2,34.35373322294202,0,Bachelor,0,High,0
70.44459559399574,2.8135834239541166,0,34.7440654823581,0,High School,0,Medium,0
63.93553679742428,3.8634819256167026,2,30.65345012232191,0,Bachelor,0,High,1
82.03463635867223,2.800181907192699,2,29.29237123316526,0,Master,1,Medium,0
72.43649254715697,3.112342362875943,2,27.621022779975494,3,Bachelor,0,Low,0
65.77746290402325,3.466295415936545,3,25.86944004142729,0,High School,0,High,1
73.53427115757474,2.2908171335334844,1,26.56492950150251,1,High School,0,Medium,0
69.18451996385605,2.119595594009612,2,23.247220178285083,2,Master,1,Very High,1
96.87141635072564,2.2371718427149525,0,29.620642746574884,1,High School,0,Medium,0
88.81639756949451,3.631292051713591,0,21.576662113868068,1,Bachelor,1,Medium,0
79.92027358683383,2.7240709270537766,2,30.954582620718554,0,Bachelor,1,Medium,0
94.79944138890026,4.0,3,29.81834695978829,1,Bachelor,1,Medium,0
80.77368307647619,2.7178762006713058,1,30.73467649193344,1,Bachelor,1,Medium,0
71.38715798671737,3.0922756515985186,1,27.38934214990004,1,Master,1,Medium,0
95.23124077269657,3.7710549762839376,4,40.0,0,High School,0,High,0
85.38910043684659,4.0,1,36.80057950090156,0,High School,0,Medium,0
69.62753845673544,4.0,2,23.777287499576385,0,High School,0,High,1
78.09661321916391,3.6041831152965713,0,31.16434043713449,0,High School,0,Medium,0
71.24381746615242,3.5120312629057313,4,26.95996928531338,1,High School,0,Very High,0
66.17200269035663,3.2962634746005914,3,24.92760136646293,0,Bachelor,0,Medium,1
89.26177547531641,3.389180538083319,2,23.299639644380328,0,Bachelor,0,High,0
99.0941664047013,2.724407141835733,2,32.161083453796266,2,Bachelor,1,Medium,0
66.01432426180858,2.5909005582888462,3,26.59309882465213,0,Bachelor,0,Medium,1
85.62969236690572,2.998312771294524,3,34.83913012012602,0,Master,1,Medium,0
73.49357430878173,2.914907688737536,1,34.9689110726522,0,Bachelor,0,Low,0
75.12874616235304,2.7733859753363626,3,36.86957192605725,0,High School,1,Medium,0
74.07606075761132,3.3481937237283574,3,25.738066169629484,1,Bachelor,1,Medium,0
71.36009230320184,3.4776526042852556,0,32.37682805346005,1,High School,0,Medium,0
80.48521627944827,3.0442034431459235,4,33.16227108321151,3,High School,0,High,0
71.69049883588963,3.738765040527631,4,27.629109124480177,1,Bachelor,0,Medium,0
82.70456825779839,2.4291554429332476,2,26.141140213035627,1,PhD,0,Low,0
79.49761890550863,2.9031702703601407,2,38.047603328879866,2,Master,1,Very High,0
77.6105195313359,2.6415888396985974,2,31.13747937866027,1,High School,1,Medium,0
70.92436337958402,2.06673169146347,0,33.17983875355869,0,Master,0,High,0
74.23228669431667,2.9586596570786505,2,25.889619940860364,1,Master,0,Low,0
87.55391225825755,2.939126245808358,2,23.90357766738903,1,Bachelor,0,Medium,0
85.00917187624381,3.7567248716210653,3,27.152751127539446,1,Master,0,Medium,0
70.22444755201448,3.315405842277389,0,29.379893063050016,1,Bachelor,1,Low,0
80.99332305429226,2.4879065878353974,1,24.678899965913256,2,High School,0,Medium,0
87.5138712337179,3.927046283167094,3,29.950775956748085,0,Bachelor,0,Medium,0
63.305947188786284,3.6105168477626766,3,21.5574740596575,2,Bachelor,0,Medium,1
85.43360192379934,3.291048851734308,4,24.39976288765064,2,Bachelor,0,Medium,0
73.37376241054153,2.886757950575084,0,33.35455624138437,0,Bachelor,1,Medium,0
85.70598668593159,2.52028038163826,3,33.01895260138947,0,PhD,0,Medium,0
72.36740843457483,2.8138966119644735,1,28.04061617306567,2,PhD,1,Medium,0
61.95117899335481,3.544374309852093,2,24.911178454615236,1,Master,1,Medium,1
63.72457562116837,3.9422931529673044,5,24.862982242369945,1,Master,0,Medium,1
80.48084946661382,3.7716217641360945,0,28.13365877029343,0,PhD,0,Medium,0
82.59722501721483,2.755575289106863,1,33.22259245822646,0,High School,1,High,0
70.95683374895592,2.440191283355494,3,34.64122845672162,0,High School,1,Medium,0
86.38592458777374,3.0704431234556018,3,27.517341322590156,0,Bachelor,1,Medium,0
63.3847993773104,2.115780317218574,1,24.23253787007608,0,Master,0,High,1
79.33920201352683,3.1615838570923906,0,31.339218189331667,1,Bachelor,1,Medium,0
67.88983800237543,2.926198706850666,3,25.882325146870752,1,Master,0,Medium,1
73.4816389219784,2.766981749065879,3,27.408736805693987,0,High School,1,High,0
80.47398671316414,2.202648466366602,0,36.62638045218519,0,High School,1,Low,0
71.39586634716048,3.2568000532848584,2,34.135577142828836,0,Master,0,Low,0
76.15444455770175,2.733649580169044,0,30.789871561257257,1,High School,1,High,0
90.0629280921444,2.415041582144856,4,23.640404994436388,3,Bachelor,0,Very High,1
74.23108130476851,1.5638688933591753,0,31.056982837353296,1,High School,1,Medium,0
88.35692112065142,2.986242547474682,2,35.313286453937636,1,Bachelor,0,High,0
68.70293145342382,3.886125798334872,1,28.121831671172323,0,Master,1,Low,1
85.29804177915283,3.830629607273935,0,36.75557044993357,1,Bachelor,0,Medium,0
94.41568620657901,2.771451871706864,1,36.463726447591036,1,Bachelor,1,High,0
60.0,2.69889396981911,2,38.31866416071737,1,High School,0,High,1
72.03104744529523,3.234387128037512,5,31.526215632656765,1,Master,0,High,0
85.7707212718054,2.500807280405854,1,32.93695849903006,1,Bachelor,0,High,0
77.96954613957007,3.150895949909733,3,37.07093644165545,2,Bachelor,1,Low,0
83.71145873371309,3.383040139192345,1,32.236969685344874,2,Master,0,Low,0
73.9601481328418,3.6134666119421537,5,27.493829461048936,1,High School,0,Medium,0
80.865897874729,2.9499229617600236,2,27.757285817360692,2,Master,0,Low,0
78.44322764607921,2.898163124911517,0,31.192774768868695,0,Bachelor,1,Low,0
91.67782061659807,2.5610087066217195,1,23.547192890268906,1,Bachelor,0,High,0
82.54420843301213,2.58655982298007,2,29.283705423179036,1,High School,0,Medium,0
83.37602662075201,2.8867605540492365,0,35.48273559115127,1,PhD,0,High,0
75.88123033877532,3.183682753408089,1,20.0,2,Master,0,Medium,0
75.12393775927507,3.4567923131166247,3,37.672410508972575,1,High School,0,Medium,0
75.6744181218038,2.5984105246598275,0,35.611871093515795,0,Bachelor,0,Low,0
83.94452142378297,3.7463442844797608,0,27.70117692084762,0,Master,1,Medium,0
75.79015519179737,2.8644381994787156,2,32.716954139359046,1,Bachelor,1,High,0
82.89774856896413,2.989316352825782,2,30.015738634531633,0,Master,0,Medium,0
100.0,2.6263941604260883,2,36.14995184219342,1,Bachelor,0,Medium,0
88.71124703431693,1.7878798698635292,4,34.91341571384971,1,Master,1,Low,1
76.73976467832159,3.4420226981805246,3,22.999646384084954,0,Bachelor,0,Medium,0
92.01213922163944,3.368421948546217,1,32.936312067320884,1,High School,1,High,0
75.91924626978448,2.8593362214408935,3,28.97186073178376,3,Bachelor,0,High,0
60.0,3.033495358612436,1,30.4141628525905,3,PhD,0,High,1
69.91913689082595,3.25796960885205,3,26.35914049515092,0,Bachelor,0,Low,1
61.29208078974145,2.218727071556729,3,38.74068534560418,0,Bachelor,1,Medium,1
76.48486515958692,2.7354736613268527,2,35.20030909951288,1,Bachelor,0,Medium,0
80.18418379189552,3.3971323398109137,3,26.301144180135164,0,Bachelor,0,Medium,0
96.76437312275283,2.3728552884153755,2,23.326946965448837,1,Master,0,Medium,0
83.26927373764163,3.1467789660833145,3,28.07163684511076,2,Master,1,High,0
77.80899471191135,2.3217090976882977,1,32.17251323045653,1,High School,1,Medium,0
88.2940558118349,3.233214991216763,3,31.201029219731115,3,PhD,0,High,0
60.0,2.982179258851258,2,36.26566412384122,1,Master,0,Medium,1
82.35614558108566,2.1924340920472454,4,33.94959861090426,1,Master,1,Low,1
87.70865193886966,3.5823696772285856,3,34.84784512876453,2,Bachelor,0,High,0
65.21413754220158,2.6327042116009753,1,31.634277003052187,1,Master,0,High,1
91.43754043206928,2.5948737814928093,1,23.05350634894505,0,High School,0,Medium,0
83.38496407494414,3.1002845986154712,2,29.021507344265494,1,Bachelor,1,High,0
75.84712086099199,3.5743186747143576,4,35.300448699543324,0,Master,0,High,0
86.32781866106285,2.4920890905108015,2,29.74238535737677,1,High School,1,Medium,0
100.0,3.0308399249239857,3,32.51545184311873,0,High School,0,Medium,0
81.81866255058495,3.2144082501652864,1,28.406258423769334,0,Master,0,Medium,0
82.48220586300336,3.346552803631572,2,24.850940757290775,0,Master,1,Medium,0
75.40639100459757,3.088220777638613,4,29.383279679769448,3,High School,0,Medium,0
71.50155630535208,2.816486080458339,4,31.54523721516327,0,Master,0,High,0
88.30335816544246,2.58620488967564,1,26.72156140269278,2,Bachelor,1,Medium,0
71.43916174091133,3.0430719415231873,3,28.82144377571666,3,Bachelor,1,Medium,0
80.71566237219392,2.4639304940071964,0,25.302683790070088,0,Master,1,Very High,0
75.22342553234883,1.5393247582526963,2,35.59622458782048,0,Bachelor,1,Medium,0
84.78979825746391,3.2182799020788337,5,28.52772121205983,1,High School,1,High,0
83.33662105286949,3.4519674205430975,1,37.263777725630916,1,High School,0,High,0
90.375399442579,1.8185337822290808,2,37.64373925270454,1,Bachelor,0,Medium,0
74.89983601145254,2.495134647645031,2,29.594770176391282,3,Bachelor,1,Medium,0
77.30125064706628,3.309577130502599,0,24.957756337263252,0,Master,0,Low,0
70.21236284217693,4.0,3,20.0,0,Master,1,Low,0
75.55706739923889,3.010396853837704,1,22.639814634866042,0,Bachelor,1,Medium,0
83.77300493044852,2.6359985293854327,4,23.1308258755067,0,Master,0,Low,0
87.56988616645351,2.90855177944758,5,36.89234813730752,0,High School,1,Medium,0
70.77834675822375,3.6874382095740925,3,30.57912293613473,2,High School,0,High,0
88.6960592010566,2.6770179104377325,2,31.948022620459938,2,Master,0,High,0
93.55637858804951,2.6004039966748733,0,20.0,2,High School,1,High,0
84.13434903223701,2.758628238908984,3,24.010167853913693,1,High School,0,High,0
98.76795812558066,2.5233356958706437,1,34.43539888223143,1,Bachelor,0,High,0
72.26210800896428,3.061335157997398,1,31.433870561912933,2,Bachelor,0,High,0
67.55345296688583,3.81233922923478,1,29.263973606572012,0,Master,1,Medium,1
62.212797510957216,3.1615396365580146,1,32.824211793000615,2,High School,1,Medium,1
94.96044311489183,2.8738232489368563,2,38.17898903067908,1,High School,1,Medium,0
86.54365656354058,2.854094365542228,2,28.894787682314746,3,Bachelor,1,Medium,0
79.44415329089544,2.2184045956516716,1,30.346849013290345,1,Bachelor,0,High,0
82.7996862631982,3.4415548885735796,0,30.962984593656525,1,Bachelor,1,High,0
68.74510952701624,2.961081401493599,5,40.0,0,Bachelor,1,Medium,1
100.0,2.9097600432046873,0,20.0,2,Master,0,High,0
81.29221181975228,4.0,0,33.41611507394404,1,PhD,0,Medium,0
81.09394794604893,3.149376454182843,1,29.42598875620468,0,High School,1,Medium,0
87.25766623898691,2.624104474952408,1,32.8338586309209,1,Bachelor,1,Medium,0
84.81009231736714,2.7868212018972285,3,26.713137230026376,0,Bachelor,1,Medium,0
82.23884024279131,3.5742228545983776,1,29.75517484570775,1,PhD,1,High,0
72.09525544554688,3.0566352052688823,0,33.55705289732747,2,PhD,0,Medium,0
84.71468357135996,2.2808610108413165,1,40.0,0,High School,1,Medium,0
98.82024496475034,3.4596144672876017,4,34.040180947010356,1,Master,0,High,0
93.45420046154977,2.665927957230503,2,25.759672009847456,0,Bachelor,0,Medium,0
95.93186626639397,3.9366488881087727,0,27.881201589886484,1,High School,1,High,0
74.88784323568815,3.5400240328573243,3,27.73292945808073,1,High School,0,Medium,0
70.1039517974142,2.7763390521706244,1,21.021784136849924,0,Bachelor,1,Medium,0
78.74213079900352,3.6405081808675566,1,28.349549041492814,0,Bachelor,0,High,0
80.55724912288694,3.0339277552637016,0,33.66414540910873,3,High School,0,Medium,0
90.94191518470949,3.4263868375611097,3,23.628839404616024,0,Bachelor,0,Medium,0
63.07535370285181,3.2423664086472375,1,35.24241325525296,0,High School,0,High,1
95.29550319460614,2.5768216725045634,0,32.43887410542169,1,Bachelor,0,Medium,0
78.4199210142101,2.678225083841269,2,26.328833390144812,1,Bachelor,0,High,0
75.7311893005258,3.5149804087905805,3,29.292351813310763,1,High School,1,High,0
69.87895624739832,2.8326123339467295,1,37.99160903820517,1,Bachelor,0,Medium,1
63.451433281342304,2.798175768379002,5,33.66773906752933,1,High School,0,Very High,1
88.23170583961914,2.5224387103253236,3,30.04391827449074,1,Bachelor,0,Medium,0
80.73317967188405,3.2117995327967304,3,28.811583415195077,1,High School,1,Very High,0
67.10039100258946,4.0,4,30.383045352258296,3,Bachelor,0,Medium,1
67.04921227936384,2.4662335428728634,1,27.44118221028848,1,High School,1,High,1
76.64215300709871,3.012109728336379,2,20.0,1,Bachelor,1,High,0
96.69021525289392,3.7061102777077144,2,40.0,0,Master,0,Medium,0
77.40408648636395,2.9601793043771423,2,30.776624995997008,0,High School,0,Medium,0
64.96857046881894,3.226185898124867,2,31.990736325612687,0,Bachelor,1,High,1
77.54256935914056,2.4688032359265604,3,29.710461250615456,0,High School,1,Medium,0
77.2727643025233,3.214153548603824,3,26.32441599637706,3,Bachelor,1,Medium,0
60.0,2.9064278674977255,2,29.070377595256147,0,High School,0,Low,1
79.45705133482188,3.4928649978399315,3,22.003026189028443,2,Bachelor,0,High,0
77.69065469791322,3.5936930257823754,1,40.0,2,Bachelor,0,Medium,0
86.96206364813418,4.0,3,23.827440007888022,1,PhD,0,High,0
98.48956094945345,3.2898165866067877,5,24.840168580764104,0,Bachelor,0,Medium,0
91.26565029547757,3.162898158291083,0,27.798703978067998,1,Bachelor,1,High,0
77.3111130944517,3.097192150788668,1,36.44037862426189,2,Bachelor,0,High,0
68.9347409125833,2.8234168535946558,2,30.07254499631327,0,PhD,1,Medium,1
100.0,3.1692419217308454,0,23.81932101984769,2,Master,1,Medium,0
80.59218434014488,2.8522992949304853,2,36.271691803786695,1,High School,0,Medium,0
80.13929291912946,3.084230488134807,0,33.65500313392741,2,Master,1,Medium,0
79.75874912889996,3.65879876780398,2,32.69217478608226,2,Bachelor,0,High,0
81.98084760767856,2.4967287173601793,1,33.5786712058542,0,Master,1,Medium,0
78.55639588076058,3.5699392805645225,3,40.0,1,Master,0,Low,0
74.26337993119763,3.6585575336699327,2,40.0,0,High School,0,Medium,0
74.53141058759608,2.940965736504461,5,26.56642328498352,1,Master,1,Medium,0
79.67246729784002,1.9390725504957027,3,38.11942496405576,1,High School,0,Low,0
74.56575228866235,2.696089006452784,1,31.9158409487945,1,High School,1,Medium,0
72.87154217322836,3.6484972732805545,1,32.495479080688746,0,High School,0,High,0
81.06430227691897,2.988565968850559,3,21.538645841783357,0,Master,0,Medium,0
77.45022782579144,2.5003488838525447,0,29.14807117305902,2,High School,0,Medium,0
95.0399298858269,2.7476125393858912,0,25.935882048317175,3,High School,0,High,0
60.0,3.4203100132522763,1,34.140294074466546,1,Master,0,Medium,1
90.91506851922462,3.2733667841006895,1,35.35540250201402,2,High School,1,High,0
92.4608519249763,2.880533950415153,2,20.0,0,High School,1,High,0
60.0,2.8165877940926562,4,29.88982567997865,0,High School,1,Low,1
76.57312405919652,2.804120925478089,2,35.60930752397126,2,Bachelor,1,Medium,0
76.28559134004209,2.5387949077507486,6,29.066605188432774,1,Bachelor,0,Very High,0
65.92488305282178,3.807687844734721,1,33.64531822501182,0,High School,1,Medium,1
72.22183312409125,2.8388397653943303,2,31.755827338135422,1,PhD,0,Medium,0
68.89424154534171,3.608579260412748,1,31.70830115976313,0,Master,1,Medium,1
97.52270443423623,3.7606580259612254,3,28.643425109658512,2,Bachelor,0,High,0
89.35678393147461,3.4991554490739802,3,23.917095979321452,2,Bachelor,1,Medium,0
92.71555094994159,2.7841898436409758,2,24.392349262874863,1,Bachelor,1,High,0
87.21672064043236,3.201865045168305,4,33.546762572276585,1,Bachelor,1,Medium,0
68.70948228782771,2.987902196804542,2,30.097291277594415,1,High School,1,Medium,1
74.75479733720226,2.548149069634936,3,29.307438776963878,1,High School,1,Medium,0
84.89374561227918,3.1621796408608014,2,27.880549788388237,1,Master,1,Medium,0
67.77872191108054,2.410480104420099,2,28.47405577259624,0,High School,0,Medium,1
87.12998430172388,3.5938396942307818,1,35.234558972440695,1,Bachelor,0,High,0
77.59674601841866,2.7676913513508037,3,28.323779590659868,0,Master,0,Medium,0
76.25179192450402,3.1005798279364196,3,23.294676433492157,2,Bachelor,0,Medium,0
87.10959968203491,3.141643935773071,2,33.71825887770087,0,Bachelor,0,High,0
84.4426331148604,2.870547513147961,0,28.975616680676413,1,Bachelor,0,Medium,0
76.3903383418092,3.2933469007376375,1,30.156979327663883,0,High School,0,High,0
91.59329803364248,2.7625481716887377,1,38.03789153199755,1,Master,1,Medium,0
69.18936672400102,3.435648648728622,5,29.897197213247463,0,Bachelor,1,High,1
86.15935606944264,2.3270101598766257,1,31.445918365593627,0,Master,0,High,0
85.93101257968384,3.063189789773206,3,24.105382543508373,0,PhD,0,High,0
76.9045356068601,3.9694644995291424,2,28.9016527382452,0,PhD,0,Low,0
83.26133022242118,2.4998343376972127,3,33.047630226043005,1,PhD,0,High,0
67.48886423614697,2.6611275147375744,4,22.223131330793787,0,Bachelor,1,High,1
89.240270192069,3.2569539248294577,3,31.004225465578546,0,Bachelor,0,Medium,0
78.15097863557011,3.089790890969799,3,30.50395536322403,2,Bachelor,0,Medium,0
74.7727697948096,3.1753150496367795,2,30.206437277937198,1,Bachelor,1,Medium,0
90.49009225836889,3.244593565073832,3,35.18579449329121,0,Master,1,Low,0
72.9565630945724,3.317360734280885,2,31.672192574242608,0,High School,0,High,0
65.91538703636441,3.5548499209781115,2,37.39035949178222,1,PhD,1,Very High,1
64.43370826476097,3.2049093284642565,5,25.03205242202982,1,Master,0,Medium,1
86.0600995134564,2.8793711726907287,4,30.67962283609174,1,PhD,0,Medium,0
67.19570647503717,3.3362868506013656,1,30.422333931949737,0,Master,0,Medium,1
97.54794181984364,3.949940967447608,2,24.6537275312246,2,High School,0,Low,0
60.0,2.933683126808713,3,34.78147501045673,1,High School,0,Medium,1
96.96456368290038,2.5127353476646794,2,40.0,0,High School,0,Medium,0
82.11017467202619,3.553540334643486,2,29.914969627580845,0,High School,1,Medium,0
79.03286888129608,2.939809418023201,0,32.52510544136884,0,Bachelor,1,High,0
74.5508091319105,1.913665226992982,3,30.422592379076637,0,Master,0,Low,0
83.9913611435207,3.423710838575211,2,26.432076650464122,0,Master,0,High,0
79.62365297575151,2.732335907023039,3,20.89619861098992,1,Bachelor,1,High,0
91.03301882016521,2.9547333588479194,2,26.471132584523176,1,High School,0,High,0
81.1422764866204,3.1659901652845073,3,23.040208095241343,1,High School,1,Medium,0
81.50301761461877,3.0952498398895334,2,38.52051039029559,0,High School,1,Medium,0
76.36387787786144,3.35472590856952,2,29.424451530383806,0,Bachelor,0,Medium,0
79.43054376278933,2.7822568147150784,2,28.270403354764145,2,Bachelor,0,Low,0
83.0780176889206,3.2565528990880415,3,34.44576912393903,0,High School,0,Medium,0
62.89831607343375,2.8702266612080414,2,24.39124448572056,1,Bachelor,0,Medium,1
66.51814577894287,3.3694052404437516,1,26.165679809977238,1,High School,0,Medium,1
87.43264094022715,3.307683742006527,1,30.340361346243107,0,Bachelor,1,Medium,0
81.70865438127942,2.5322806489777023,3,35.1438449571174,1,Bachelor,0,High,0
78.1601666364732,3.542991058087516,0,32.50842522584394,0,Bachelor,0,Medium,0
80.18433933065393,2.732018277442976,0,31.24162571257941,1,Bachelor,0,High,0
83.47581705361671,3.4040288991405725,3,30.39058867618008,1,PhD,0,Medium,0
74.60240319690638,3.1836436567006703,2,32.001179277633874,2,High School,0,High,0
72.21695274597687,3.919091838397561,2,31.008264525646272,1,Bachelor,0,Medium,0
81.95845255097682,2.888267008814074,0,24.85013862611532,2,Master,0,Low,0
70.21627222384969,2.8253416019409014,2,30.230396108165756,1,Bachelor,1,Medium,0
84.08252755714472,2.9902901970561335,1,24.631556705411235,1,PhD,0,Medium,0
62.9741639576216,2.848410108582862,2,30.40541271450412,5,Bachelor,1,Medium,1
90.29155637325644,3.399970950971025,3,27.59676029255879,1,Bachelor,0,Low,0
84.72597482413043,2.191844695781706,1,40.0,1,High School,0,High,0
82.56029734313876,2.473158790426823,5,29.800528081241442,3,Bachelor,0,Medium,1
89.82690983945514,2.4660985392104036,1,22.978802168692056,0,High School,1,Medium,0
96.65474444462576,3.4751537959867878,2,29.329098946615378,1,High School,0,Medium,0
90.1437006501813,3.8553066862909624,2,32.59679372818944,1,Bachelor,0,High,0
61.59125768668355,2.9477753907312643,1,38.366819730762614,1,Bachelor,0,Very High,1
67.20423033264298,2.915589138404995,3,27.05273800030641,2,High School,0,Very High,1
73.75181422304321,3.0350260815565906,1,22.0878601298818,0,Bachelor,0,Low,0
80.26091050210833,3.5809391513040953,1,34.084185057154905,0,Bachelor,1,Medium,0
85.17659020469122,2.536323432904713,1,23.097006470501746,1,High School,0,Medium,0
72.74256186846534,3.1191844913673927,1,27.819222792462575,2,Bachelor,1,High,0
81.86766764477078,3.4875988148912147,4,28.71189757244503,1,Master,0,Medium,0
72.44617067646678,3.2505470849699227,0,29.65183273349946,0,Bachelor,1,Medium,0
73.88482197008052,3.0947908082993716,1,33.445822285371676,2,Bachelor,1,Medium,0
65.93338903151778,3.5005230462835706,1,26.58182858856806,2,Bachelor,0,Medium,1
70.76766753889096,1.6483838535003814,1,28.631353739166197,0,Bachelor,1,Low,0
66.48315394383667,3.338937659765454,1,29.928648235253057,0,PhD,1,Low,1
70.24126747022667,2.672962158436288,1,30.74798978759394,2,Bachelor,0,High,0
90.5364179660784,2.0846835515717714,0,30.489135873539613,0,High School,0,High,0
70.50601111168056,3.2556012997624904,3,32.1800288761129,0,Bachelor,1,High,0
100.0,3.6868292725814786,0,34.21919754820868,3,Master,0,High,0
84.93317900880889,2.931275742686154,3,31.96317057825484,0,High School,0,Low,0
81.84836123694873,3.4764372736014693,1,32.26792761754609,2,PhD,1,Low,0
71.41642219818786,3.8061391289943227,6,22.08888416626761,1,PhD,0,Low,0
87.00309879408991,3.657457226792024,1,30.251138495828403,0,High School,1,Medium,0
74.24362173762226,3.8199822646856965,2,32.39753774000804,0,PhD,1,Medium,0
81.22009814645361,3.3710637455359462,1,33.64470597285225,0,Bachelor,1,Low,0
100.0,3.037716819450796,1,26.53824612883103,0,Master,0,High,0
79.03940100275351,2.199017094051416,4,26.704803625556774,1,Bachelor,0,High,1
91.49273326285676,2.876968755935026,1,27.129496623582007,1,Bachelor,0,Medium,0
72.96823574874112,2.578376702341904,2,32.682069499456716,0,Bachelor,0,Low,0
79.65011509503039,4.0,3,35.16940527462104,1,Master,0,High,0
97.7080063563551,2.9120570937838317,0,27.96269946354199,0,High School,0,Medium,0
73.73032942212232,3.061602403392243,1,34.53981156813524,3,Bachelor,0,Very High,0
98.12448557996929,3.275742688020234,1,30.61739904582297,0,High School,0,Medium,0
87.07751935455475,3.021801223186227,1,29.378571114187817,1,Bachelor,1,Medium,0
74.37533224105732,3.8475255202153766,3,28.943078850910155,1,Bachelor,1,Medium,0
86.3240773905552,2.688675319132774,1,33.733056823010784,1,Bachelor,1,Medium,0
89.7255444962673,3.0973037276186215,2,31.62788908393535,2,Bachelor,1,Low,0
86.21809962217196,2.628764707150976,3,40.0,3,High School,0,Low,0
64.29775280109544,2.339988744389647,1,25.738876785013378,1,High School,1,High,1
72.72862824175131,2.694115454547357,2,32.59050851014988,2,High School,1,Medium,0
77.52481364448495,2.981481601475794,3,27.353994950942436,2,Bachelor,0,Medium,0
79.25566570899954,2.78534888774137,1,25.65356506505678,0,PhD,0,Medium,0
86.20672097550678,2.653789510063072,2,29.94566431482514,2,High School,0,Medium,0
81.77701000933254,2.296841268164083,3,30.68676239703518,1,PhD,0,High,0
66.64655641289899,2.9584472136856528,2,40.0,1,Master,0,Medium,1
83.80197851005963,2.2476398129844988,0,29.07927092158399,1,Bachelor,0,Low,0
86.10585745283824,3.380027981844801,3,24.349106352576584,2,Bachelor,1,High,0
85.5979044793104,3.0412198764672516,2,31.365053587471927,0,Master,0,Very High,0
90.80780725554622,2.271224250267535,2,20.0,0,High School,0,High,0
88.33922154548904,2.8453954614750683,0,29.54021608697867,1,Bachelor,1,High,0
84.59180079228437,2.6239217972047086,1,30.080126411475803,0,Bachelor,0,High,0
79.29834288541353,3.15958725520959,0,33.973001914726055,1,Bachelor,1,Low,0
63.39039066484008,3.670225223011572,1,34.86811124713923,0,Master,0,Very High,1
84.29618219132585,2.0624137651771277,1,27.482151905461414,1,High School,1,High,0
82.07687687163111,3.0575130395737085,2,29.246929926850335,1,Bachelor,0,High,0
82.71578837195374,2.91993360221668,3,26.169395846946646,2,Bachelor,0,Medium,0
67.2325142417969,3.3356700382252327,3,24.35968722596153,0,Bachelor,0,Low,1
69.18943459591738,3.1065983141188447,2,31.549473896903173,1,Bachelor,1,Medium,1
90.53152853332904,2.6240153341305903,2,23.632072257017004,2,Bachelor,1,High,0
79.60444846143345,2.840473032166691,4,27.926865497140685,0,Master,0,Low,0
86.81500697372624,2.6019870715982556,1,25.024130200503812,0,Bachelor,1,Medium,0
80.28318376130461,3.538003569299299,3,32.7484159314513,1,Master,0,Low,0
80.29756139495746,3.010655824335971,3,39.00715049633244,1,Bachelor,1,Medium,0
89.38283805975998,3.950595342876504,4,23.492060085983343,2,High School,1,Low,0
74.83955271782627,2.9696695930926897,2,20.734907585512154,2,High School,0,Low,0
80.96120776940984,2.645796616544769,4,29.375565573249663,1,High School,0,High,0
75.37724711294958,2.2431428036935865,3,30.07848897978879,1,Bachelor,1,Medium,0
75.65503772567685,2.0984301618720274,2,31.09329653378649,4,Bachelor,1,Medium,0
76.90827876531361,2.2079320284972552,3,27.768397423828276,3,Master,1,Medium,0
82.22133771633713,3.1335633255057416,2,28.99680350587284,2,Master,1,Very High,0
75.21251378336522,3.254362511614967,2,31.83755205270301,1,High School,0,High,0
92.55756125573521,2.2094046489839334,4,35.2021544632242,0,High School,1,High,1
71.05392697780496,3.447519157038058,4,20.224756148408588,0,High School,0,Medium,0
78.13128355838641,2.7584694741582805,1,28.155302804842687,1,Bachelor,1,High,0
75.60268941725825,3.0733965059927746,1,31.069043969705316,2,High School,0,Medium,0
94.46977884353733,3.806110314127712,0,25.41011947694632,1,High School,0,Medium,0
81.96554776511574,3.448419657932766,3,38.6558481588365,0,PhD,0,Very High,0
90.31844539468635,2.865734676047084,1,26.822950598856316,2,Master,0,High,0
65.14439626963028,2.5544038872923562,6,29.793536564963585,0,High School,0,High,1
82.67050265869258,1.9240922993353475,1,32.780110484211455,1,Bachelor,1,Medium,0
88.89630795623437,2.64042334037879,1,27.043576055990528,0,Bachelor,1,Low,0
80.82283989275425,2.894434880586153,3,20.767134760977914,0,Master,0,Medium,0
90.65480375065351,2.506410236424408,3,27.856727365417335,0,Bachelor,1,Medium,0
74.82711549899628,2.9343715164538478,0,35.1472027796352,0,High School,1,High,0
94.0934744018558,3.038425941479384,2,28.315524366074307,0,Master,0,High,0
100.0,2.887572009095961,1,25.767828492705107,1,Bachelor,0,Medium,0
76.37161439560342,2.6749987095882704,3,34.62836104751361,0,High School,1,High,0
75.54497478599228,3.084327335983364,1,28.346125519884737,0,Bachelor,1,Medium,0
94.533844771177,3.2209703247847044,3,27.449195931748914,1,Bachelor,0,Medium,0
95.79572145730712,2.4548004612785768,5,30.74728044831655,2,Bachelor,1,Medium,1
74.77139972846732,3.705466189873135,0,33.85375104809394,1,High School,0,Medium,0
75.79813182904142,2.950705933857869,1,40.0,1,Bachelor,0,High,0
77.18215391139493,3.009424811472424,2,34.136180538287114,0,High School,0,Medium,0
66.55549488965723,3.3541072116282784,1,35.79919983194172,0,Master,0,Medium,1
70.81348053515802,3.116608065631751,5,27.470169005060722,1,High School,1,High,0
69.95859233247933,3.4765683169566226,1,24.870659470152617,0,High School,1,High,1
72.32202434895872,3.143562082600912,3,30.311656748095615,2,Bachelor,0,High,0
79.65315112613219,2.693781312679781,2,30.53584957629798,0,Master,0,Medium,0
82.3421473253652,3.180751762603051,2,24.607436293177013,2,Master,1,Low,0
95.50500492814076,2.428136896339669,0,29.123527350479936,1,Bachelor,1,High,0
70.0164595926121,3.0542798528882615,2,31.996588008595655,1,High School,1,Medium,0
89.84322398476584,2.9833850046777695,2,31.8019669750904,1,Master,1,Medium,0
77.86011155774491,2.89594157136373,4,32.52143926692136,1,Bachelor,0,Medium,0
79.50536290347567,2.9357312442805346,0,31.454823650687214,2,High School,1,Medium,0
86.74819492166604,2.0590754772511803,3,27.464956703649722,2,PhD,0,Medium,0
68.77277978437701,2.7256375461295193,3,27.430496866755785,1,High School,0,Low,1
83.82409746184051,3.0464224505705575,3,24.005243010030618,0,PhD,0,Low,0
81.66452208213056,3.0799281959987,2,38.923875195925476,0,Master,0,High,0
84.92451264008149,2.486162429537021,0,30.067251823096466,0,Bachelor,1,High,0
82.89168643907819,3.6328539204323502,2,28.87573472102574,0,PhD,1,Very High,0
100.0,2.56691257589275,2,25.356039592737705,1,Master,0,Low,0
73.62260015748684,3.4847286002633684,1,40.0,2,High School,0,Medium,0
74.69003044998182,3.2135971809358423,0,24.63335983888552,3,Bachelor,0,High,0
73.76859473575236,2.6768863450780986,0,27.855760371969634,0,High School,0,Medium,0
74.44522880839746,3.887655446304756,1,32.0791841814303,4,Bachelor,1,Medium,0
73.62612872693482,2.40318158412176,0,33.00106482872139,1,Master,1,Medium,0
91.89016531107552,3.459577086805001,2,34.78966027607842,0,Bachelor,1,Medium,0
94.20504247989855,3.500291159021489,1,39.03804253884631,1,Bachelor,1,High,0
74.29253706250523,2.6646898954616773,3,32.530788277303564,2,Bachelor,1,Low,0
71.67644426895771,3.6962326500321643,1,24.719846000166662,3,Master,0,High,0
84.71415556386404,2.8749767427005235,1,28.715274374391093,0,High School,0,Medium,0
74.47776955719029,3.1443468146399285,6,31.539161862569426,1,Bachelor,0,Low,0
86.32931817755511,3.1301609193856104,3,40.0,0,High School,0,Medium,0
82.029230208513,2.932845629264726,1,23.010972607878514,1,Bachelor,1,Medium,0
64.84255885002769,3.4054041365798913,1,36.012882526126134,1,High School,0,Medium,1
95.47505201330061,3.3967443602761067,4,30.899571847732084,2,Bachelor,0,Medium,0
97.95877673095522,2.1257340133809097,3,34.1891526761474,0,High School,0,High,0
73.87211309515614,3.6521701214390765,0,29.49002641682034,2,High School,1,Very High,0
76.12298440064016,2.168754005982163,0,25.787836849368368,0,PhD,0,Medium,0
82.85865390724905,3.5162731021708287,3,33.75436389700666,0,High School,1,High,0
83.34456789987026,3.5633525684137917,3,33.27215513552811,3,Bachelor,1,High,0
86.5854427267283,2.4545167848924008,4,34.86028482869861,1,High School,0,Low,1
100.0,2.7945928560227076,2,29.933476823106822,0,Bachelor,0,Medium,0
78.2305277250595,2.447147665757032,1,27.000889883400752,1,Bachelor,1,Low,0
72.01702755461547,2.8925394848556323,4,22.206065024880793,0,Bachelor,0,High,0
66.20680771985472,2.8459828579071296,2,34.096866340697034,1,High School,1,High,1
72.69069960058081,3.3898302661346698,1,32.11944741221993,3,Bachelor,0,High,0
79.66873027126204,3.655154373059804,2,25.171086835680203,2,Bachelor,0,Medium,0
97.94557863517788,3.697841905394978,2,27.307131633516878,0,Master,1,Medium,0
74.82388700963828,2.718915986710849,2,27.666205940242797,0,Bachelor,1,Medium,0
82.23787951638899,2.895389063127736,1,22.58507784008791,2,Bachelor,1,Medium,0
79.83577103927247,2.158280903889525,0,25.91158801697433,2,High School,1,High,0
91.88393273448084,2.5970649667519057,3,24.33084821596823,1,High School,1,Low,0
100.0,3.4824258165487287,4,27.937604940560316,2,High School,1,Medium,0
74.6913122707968,3.807791411774116,6,26.306512508352185,1,High School,1,Medium,0
75.10560557481777,2.382825564060039,4,21.864975395666256,1,High School,0,Medium,1
90.44160877069072,2.703767870423553,2,40.0,1,Bachelor,0,Low,0
86.81891489626311,2.9867971215205364,1,36.262703655146154,1,Bachelor,1,High,0
98.46707325736034,3.1400805794098035,4,26.104902892400073,0,PhD,0,Medium,0
85.83928185325964,2.595198240039177,2,31.36210698326805,3,High School,0,Medium,0
76.40707909212941,3.2120305222320447,3,32.08732544910647,3,Bachelor,0,Medium,0
85.9065483069231,2.763080326464542,2,35.95542927386738,3,Master,0,Medium,0
91.08703580582907,2.9927738645608604,3,25.906974866699606,0,Bachelor,0,Medium,0
88.20482181197364,3.2731421240018497,0,35.46053391991213,1,High School,0,Medium,0
85.07274031107298,3.003211134905469,2,27.260473478965324,0,High School,1,Medium,0
90.66674689589154,2.7818070547367157,2,23.320687979156933,0,High School,0,Medium,0
91.69295590445672,2.9451950980370847,2,33.62068279657249,1,Bachelor,0,High,0
93.82158991037527,2.955818520397332,3,36.45379212061214,1,Master,0,High,0
86.48709887589642,2.814994485058936,2,40.0,0,High School,0,Low,0
78.32881919683146,2.870601968666449,2,24.001373674548933,0,High School,0,High,0
81.46713686433323,3.7993235852523584,3,33.49459842540394,0,Master,1,High,0
92.06508966508358,3.2804597239706195,5,27.950993781032334,2,Master,0,High,0
71.83064329012764,2.8522598409854196,3,33.916793552620156,1,Bachelor,1,High,0
83.68673308872901,3.348477202255368,0,22.647552243843748,2,Bachelor,0,Medium,0
76.0666118767264,2.833090255121995,2,23.68615112150718,2,Bachelor,0,High,0
80.28744822934817,3.5865623187933204,3,26.12062588416758,1,High School,0,Medium,0
92.78451862607298,3.184821096099047,2,30.39482022834042,2,Bachelor,0,High,0
81.91099068019903,2.9463489279978856,3,26.794593667308224,0,Bachelor,1,Medium,0
80.46436548156149,3.223858462905139,2,33.2952717195671,1,PhD,1,Low,0
66.40143859020081,2.2145619239657504,0,35.13447309128957,1,High School,1,High,1
87.46253566027221,2.4366162655450974,2,32.99788770622678,1,Bachelor,0,Medium,0
86.45484181141076,2.403037496800472,1,38.09393819830434,1,Bachelor,0,Medium,0
100.0,3.0714715473818535,2,32.079133147276714,1,Bachelor,0,Medium,0
76.92221765046999,3.866257499742546,2,23.915516448299165,2,High School,1,Medium,0
82.1915032766394,4.0,4,36.8168825676917,2,Bachelor,0,Medium,0
82.49383683710755,3.3190255507203785,0,26.974218821970013,0,Master,1,Medium,0
95.77453279763475,3.2504222374722285,2,34.552092498427854,2,Bachelor,0,Low,0
79.04704467613048,2.0994711329236306,0,37.868671082775535,0,Bachelor,0,Low,0
82.7902152577034,2.728663100132989,0,32.283440053651994,0,High School,0,High,0
86.0789650971654,2.6061081240458805,1,22.519205934176753,1,High School,0,Medium,0
81.86609123156359,2.689576200874442,2,25.40893916745104,2,Bachelor,1,High,0
75.53566385449471,2.915928090707605,0,36.613722334425674,1,Master,0,Medium,0
81.94089992898307,2.7639547111514364,1,29.154386571785917,1,PhD,1,High,0
90.73631749859771,2.010350094812106,4,30.39786767471083,2,Bachelor,0,Medium,1
69.73484700588939,3.3739551280587667,3,33.79412208081805,0,Bachelor,1,Medium,1
81.32969674146877,2.4636284871300966,4,33.48161431040162,1,Master,0,Medium,1
72.99879185060827,3.1196234320555747,2,31.393999061927303,2,Bachelor,1,Medium,0
91.95046628924842,4.0,2,28.95665814389767,1,Bachelor,1,Medium,0
64.76813095216225,2.5403077042067883,2,28.436657771338215,1,High School,1,Medium,1
74.41078152728412,1.7348562386268351,1,34.28949412645672,0,Master,0,Low,0
83.7721187506452,2.8569978890599446,1,32.76784765533897,0,Bachelor,1,High,0
95.65524029234341,3.5504798174992853,1,28.71349999691105,1,Master,0,High,0
79.34249738927012,3.9791737271102967,1,35.410561564965704,1,Master,0,Medium,0
74.44800473306802,2.3852252027737917,3,29.35482942435108,1,High School,0,High,0
98.8115706944059,3.248349611618261,2,25.741689128328034,0,Master,0,Medium,0
65.51986099583756,2.7673447716099733,2,26.205146505483278,1,Master,1,High,1
60.0,2.947025822847932,2,25.10629581845117,1,Bachelor,0,Low,1
84.40014450053333,4.0,0,28.637949916981565,1,High School,0,Medium,0
74.97945775647389,2.2485148358024234,1,36.168621391680965,0,High School,1,Medium,0
69.78767182869287,3.1268698307472866,4,25.974524094847457,0,Bachelor,0,Medium,1
87.08356447299353,3.233846585882717,2,30.942378805090513,2,Bachelor,1,High,0
82.43800713771199,3.5428931624696736,4,26.716553271862935,0,Bachelor,0,Medium,0
74.35921369263272,3.048991576735448,4,28.698454793642814,1,High School,0,High,0
67.19695601329106,3.154025269752051,2,22.44979394007374,2,Master,0,Medium,1
88.72457328280144,2.8041757162891043,1,28.897308854217314,0,High School,1,High,0
86.50201177958661,3.134563470622554,3,29.03147310097519,2,High School,1,High,0
79.00824136220618,2.8284038622512946,3,32.70143972017848,1,Bachelor,1,Medium,0
98.46636996047665,3.3107859449280252,1,31.116404566276852,0,Bachelor,0,Medium,0
69.29915233673847,2.815194831978183,1,24.008039375239775,0,High School,0,High,1
64.74474829075261,3.1885501969510934,4,35.420991220217715,0,High School,0,Medium,1
73.08091930118755,2.985368593157511,1,31.05151520110998,2,High School,0,Medium,0
79.54413983644503,3.5630251253860843,4,30.991967585887434,0,Master,0,Medium,0
82.43339449322691,2.974303138205757,0,29.954088233074305,1,Master,1,High,0
77.5876394214367,2.113483765896559,3,27.4112127638889,1,Bachelor,0,Medium,0
83.52055396514297,3.630960750356996,3,31.08901169874363,1,Master,0,Medium,0
67.48460575809555,2.5471338495686906,3,32.377942179642915,0,Master,1,High,1
94.4376460407326,2.67311683067559,2,21.265521543272225,0,High School,1,Medium,0
79.17848821607431,2.702169352978254,1,27.30619581326952,0,PhD,0,Medium,0
91.17295831588127,3.6872190465854087,0,28.725265147982054,1,Master,0,High,0
83.42725346377703,1.9321628930106522,2,31.28085302847139,0,High School,0,Low,0
84.56753219153784,4.0,2,35.96655502963563,0,High School,0,Very High,0
85.69767280232205,3.5280284045330257,2,26.14129592701609,1,High School,1,Medium,0
84.47708560017315,3.1116194570645797,3,27.51019076591079,2,High School,0,Low,0
86.42722759867544,2.9725529996918567,3,27.43732944676725,3,Master,1,High,0
93.29152530132431,3.1427770374288286,1,25.992362049477293,0,Bachelor,1,Medium,0
81.9652116970147,3.260561214189669,2,28.264067524438687,0,Master,1,High,0
87.09003757588512,3.3226077929750284,1,33.854011099939854,2,Master,0,Medium,0
79.10264305712774,3.277802233001724,2,24.730822523178272,0,Bachelor,0,Low,0
94.40117215449473,3.044790340627624,0,32.139071975764516,2,Bachelor,1,Medium,0
73.2360769794073,2.901330789846337,1,21.490488849908324,1,High School,0,Medium,0
98.00940432910815,2.924363358173244,1,27.19331001778897,3,Bachelor,0,High,0
79.59842049355656,2.9025458598236593,2,28.35255349891007,2,Bachelor,0,High,0
65.69224897881952,3.5668850484335324,1,38.37429836457032,1,High School,0,Low,1
81.2810441491079,3.296778361140431,1,28.62598847623656,1,High School,1,High,0
73.1894834252512,1.5298056826678599,2,20.0,1,Master,0,Medium,0
88.40643548988724,3.3279503882648807,4,20.005555465693753,0,Bachelor,0,Very High,0
73.4737602069761,3.0973680973593876,0,30.170147931733403,0,High School,0,Medium,0
75.5381656678522,2.9906456217770514,1,33.068854278949544,0,Bachelor,0,Medium,0
61.10459269054469,2.805740773455557,4,31.877279288136265,0,Master,1,Medium,1
75.47693680750923,3.5620563599930066,2,30.837850529004953,1,Bachelor,1,Medium,0
60.0,3.473763231061429,1,35.811297987528334,1,High School,0,Medium,1
64.16097176514276,2.6135611660881954,1,27.30204389631434,2,PhD,0,High,1
87.60414656144297,3.2035261435622675,3,34.474552780134125,0,Bachelor,0,Low,0
87.85800158650832,2.514171632729357,1,21.839925574867912,1,High School,1,High,0
84.25457561784965,2.3101909176055346,3,25.47526083530967,1,Bachelor,0,High,0
70.33023856870787,2.6866413877050173,3,20.964793025340917,0,Master,1,High,0
79.5228864385802,3.4311967361913793,2,28.62577349665104,1,High School,0,Medium,0
79.96397460909432,3.4765625226880434,2,29.768693913668287,0,High School,1,Low,0
68.41635310807457,3.2565427100486466,4,30.5705074611326,0,High School,0,Medium,1
95.0339830176715,3.3625478934239985,1,30.309416764435674,0,PhD,1,High,0
88.77362290575671,3.2580891435574793,1,25.36223334594136,0,High School,0,Medium,0
77.79035826170336,2.6792592023885238,2,29.048795777933922,1,Bachelor,1,High,0
80.26885838994531,3.2159612723369704,1,22.51276665697126,0,PhD,0,High,0
82.08382807947552,3.400204762613841,3,36.81614487566125,0,High School,0,High,0
60.0,3.377145664906787,3,28.481869635509995,2,PhD,1,Medium,1
77.52822617479403,3.5944566857373212,4,27.555569404781544,0,PhD,0,Low,0
73.18015752002202,3.354151923600532,1,37.944701642220416,0,Master,1,Medium,0
69.98379990105084,3.1757241037707913,1,23.788767332253855,1,High School,1,Medium,1
77.18899707114045,3.535075119158214,1,24.372064429840155,1,Bachelor,0,Low,0
97.97686526849523,2.98673937037547,1,24.518898375657173,1,Master,0,Low,0
86.4084286126701,2.559062674386141,2,29.66064309150259,2,PhD,0,Medium,0
74.28821010217203,2.918466518028118,0,32.15815814818799,1,High School,0,Medium,0
85.72582781356158,2.6275486775967756,1,33.69837734058917,0,Master,0,High,0
